﻿<?xml version="1.0" encoding="utf-8" ?>
<uexplugins>
    <plugin uexName="uexVideo" version="4.0.8" build = "8">
        <info>8:修复record及播放问题</info>
        <build>7:新增videoPicker接口</build>
        <build>6:openPlayer接口新增isAutoEndFullScreen参数</build>
        <build>5:视屏全屏播放时显示为横屏</build>
        <build>4:宽高支持传小数</build>
        <build>3:支持endTime</build>
        <build>2:UI改版</build>
        <build>1:添加播放完毕后的监听</build>
        <build>0:4.0</build>
    </plugin>
</uexplugins>
